{
  "acacia_inner_stairs": "acacia_stairs_inner",
  "acacia_outer_stairs": "acacia_stairs_outer",
  "acacia_fence_gate_closed": "acacia_fence_gate",
  "acacia_wall_gate_closed": "acacia_fence_gate_wall",
  "acacia_wall_gate_open": "acacia_fence_gate_wall_open",
  "activator_rail_flat": "activator_rail",
  "activator_rail_active_flat": "activator_rail_on",
  "activator_rail_active_raised_ne": "activator_rail_on_ne",
  "activator_rail_active_raised_sw": "activator_rail_on_sw",
  "anvil_base": "anvil",
  "anvil_slightly_damaged": "chipped_anvil",
  "anvil_top_damaged_0": "anvil_top",
  "anvil_top_damaged_1": "chipped_anvil_top",
  "anvil_top_damaged_2": "damaged_anvil_top",
  "anvil_very_damaged": "damaged_anvil",
  "beetroots_stage_0": "beetroots_stage0",
  "beetroots_stage_1": "beetroots_stage1",
  "beetroots_stage_2": "beetroots_stage2",
  "beetroots_stage_3": "beetroots_stage3",
  "birch_inner_stairs": "birch_stairs_inner",
  "birch_outer_stairs": "birch_stairs_outer",
  "birch_fence_gate_closed": "birch_fence_gate",
  "birch_wall_gate_closed": "birch_fence_gate_wall",
  "birch_wall_gate_open": "birch_fence_gate_wall_open",
  "brick": "bricks",
  "brick_inner_stairs": "brick_stairs_inner",
  "brick_outer_stairs": "brick_stairs_outer",
  "carrots_stage_0": "carrots_stage0",
  "carrots_stage_1": "carrots_stage1",
  "carrots_stage_2": "carrots_stage2",
  "carrots_stage_3": "carrots_stage3",
  "cauldron_empty": "cauldron",
  "cobblestone_mossy": "mossy_cobblestone",
  "cocoa_stage_0": "cocoa_stage0",
  "cocoa_stage_1": "cocoa_stage1",
  "cocoa_stage_2": "cocoa_stage2",
  "cocoa_age0_s": "cocoa_stage0",
  "cocoa_age1_s": "cocoa_stage1",
  "cocoa_age2_s": "cocoa_stage2",
  "comparator_off": "comparator",
  "concrete_light_blue": "light_blue_concrete",
  "concrete_black": "black_concrete",
  "concrete_blue": "blue_concrete",
  "concrete_brown": "brown_concrete",
  "concrete_cyan": "cyan_concrete",
  "concrete_gray": "gray_concrete",
  "concrete_green": "green_concrete",
  "concrete_lime": "lime_concrete",
  "concrete_magenta": "magenta_concrete",
  "concrete_orange": "orange_concrete",
  "concrete_pink": "pink_concrete",
  "concrete_powder_black": "black_concrete_powder",
  "concrete_powder_blue": "blue_concrete_powder",
  "concrete_powder_brown": "brown_concrete_powder",
  "concrete_powder_cyan": "cyan_concrete_powder",
  "concrete_powder_gray": "gray_concrete_powder",
  "concrete_powder_green": "green_concrete_powder",
  "concrete_powder_light_blue": "light_blue_concrete_powder",
  "concrete_powder_lime": "lime_concrete_powder",
  "concrete_powder_magenta": "magenta_concrete_powder",
  "concrete_powder_orange": "orange_concrete_powder",
  "concrete_powder_pink": "pink_concrete_powder",
  "concrete_powder_purple": "purple_concrete_powder",
  "concrete_powder_red": "red_concrete_powder",
  "concrete_powder_silver": "light_gray_concrete_powder",
  "concrete_powder_white": "white_concrete_powder",
  "concrete_powder_yellow": "yellow_concrete_powder",
  "concrete_purple": "purple_concrete",
  "concrete_red": "red_concrete",
  "concrete_silver": "light_gray_concrete",
  "concrete_white": "white_concrete",
  "concrete_yellow": "yellow_concrete",
  "daisy": "oxeye_daisy",
  "dark_oak_inner_stairs": "dark_oak_stairs_inner",
  "dark_oak_outer_stairs": "dark_oak_stairs_outer",
  "dark_oak_fence_gate_closed": "dark_oak_fence_gate",
  "dark_oak_wall_gate_closed": "dark_oak_fence_gate_wall",
  "dark_oak_wall_gate_open": "dark_oak_fence_gate_wall_open",
  "deadbush": "dead_bush",
  "detector_rail_flat": "detector_rail",
  "detector_rail_powered_flat": "detector_rail_on",
  "detector_rail_powered_raised_ne": "detector_rail_on_raised_ne",
  "detector_rail_powered_raised_sw": "detector_rail_on_raised_sw",
  "dirt_podzol_side": "podzol_side",
  "dirt_podzol_top": "podzol_top",
  "dispenser_front_horizontal": "dispenser_front",
  "acacia_door_bottom_rh": "acacia_door_bottom_hinge",
  "acacia_door_top_rh": "acacia_door_top_hinge",
  "door_acacia_lower": "acacia_door_bottom",
  "acacia_door_lower": "acacia_door_bottom",
  "door_acacia_upper": "acacia_door_top",
  "acacia_door_upper": "acacia_door_top",
  "birch_door_bottom_rh": "birch_door_bottom_hinge",
  "birch_door_top_rh": "birch_door_top_hinge",
  "door_birch_lower": "birch_door_bottom",
  "birch_door_lower": "birch_door_bottom",
  "door_birch_upper": "birch_door_top",
  "birch_door_upper": "birch_door_top",
  "dark_oak_door_bottom_rh": "dark_oak_door_bottom_hinge",
  "dark_oak_door_top_rh": "dark_oak_door_top_hinge",
  "door_dark_oak_lower": "dark_oak_door_bottom",
  "dark_oak_door_lower": "dark_oak_door_bottom",
  "door_dark_oak_upper": "dark_oak_door_top",
  "dark_oak_door_upper": "dark_oak_door_top",
  "iron_door_bottom_rh": "iron_door_bottom_hinge",
  "iron_door_top_rh": "iron_door_top_hinge",
  "door_iron_lower": "iron_door_bottom",
  "iron_door_lower": "iron_door_bottom",
  "door_iron_upper": "iron_door_top",
  "iron_door_upper": "iron_door_top",
  "jungle_door_bottom_rh": "jungle_door_bottom_hinge",
  "jungle_door_top_rh": "jungle_door_top_hinge",
  "door_jungle_lower": "jungle_door_bottom",
  "jungle_door_lower": "jungle_door_bottom",
  "door_jungle_upper": "jungle_door_top",
  "jungle_door_upper": "jungle_door_top",
  "spruce_door_bottom_rh": "spruce_door_bottom_hinge",
  "spruce_door_top_rh": "spruce_door_top_hinge",
  "door_spruce_lower": "spruce_door_bottom",
  "spruce_door_lower": "spruce_door_bottom",
  "door_spruce_upper": "spruce_door_top",
  "spruce_door_upper": "spruce_door_top",
  "wooden_door_bottom_rh": "oak_door_bottom_hinge",
  "wooden_door_top_rh": "oak_door_top_hinge",
  "wooden_door_bottom": "oak_door_bottom",
  "wooden_door_top": "oak_door_top",
  "door_wood_lower": "oak_door_bottom",
  "oak_door_lower": "oak_door_bottom",
  "door_wood_upper": "oak_door_top",
  "oak_door_upper": "oak_door_top",
  "double_plant_fern_bottom": "large_fern_bottom",
  "double_plant_fern_top": "large_fern_top",
  "double_plant_grass_bottom": "tall_grass_bottom",
  "double_plant_grass_top": "tall_grass_top",
  "double_plant_paeonia_bottom": "peony_bottom",
  "double_plant_paeonia_top": "peony_top",
  "double_plant_rose_bottom": "rose_bush_bottom",
  "double_plant_rose_top": "rose_bush_top",
  "double_plant_sunflower_back": "sunflower_back",
  "double_plant_sunflower_bottom": "sunflower_bottom",
  "double_plant_sunflower_front": "sunflower_front",
  "double_plant_sunflower_top": "sunflower_top",
  "double_plant_syringa_bottom": "lilac_bottom",
  "double_plant_syringa_top": "lilac_top",
  "dropper_front_horizontal": "dropper_front",
  "enchanting_table_base": "enchanting_table",
  "end_bricks": "end_stone_bricks",
  "end_portal_frame_empty": "end_portal_frame",
  "endframe_eye": "end_portal_frame_eye",
  "endframe_side": "end_portal_frame_side",
  "endframe_top": "end_portal_frame_top",
  "farmland_dry": "farmland",
  "farmland_wet": "farmland_moist",
  "fence_gate": "oak_fence_gate",
  "fire_layer_0": "fire_0",
  "fire_layer_1": "fire_1",
  "flower_allium": "allium",
  "flower_blue_orchid": "blue_orchid",
  "flower_dandelion": "dandelion",
  "flower_houstonia": "azure_bluet",
  "flower_oxeye_daisy": "oxeye_daisy",
  "flower_rose": "poppy",
  "flower_tulip_orange": "orange_tulip",
  "flower_tulip_pink": "pink_tulip",
  "flower_tulip_red": "red_tulip",
  "flower_tulip_white": "white_tulip",
  "furnace_front_off": "furnace_front",
  "pane_noside": "template_glass_pane_noside",
  "pane_noside_alt": "template_glass_pane_noside_alt",
  "pane_post": "template_glass_pane_post",
  "pane_side": "template_glass_pane_side",
  "pane_side_alt": "template_glass_pane_side_alt",
  "glass_black": "black_stained_glass",
  "glass_blue": "blue_stained_glass",
  "glass_brown": "brown_stained_glass",
  "glass_cyan": "cyan_stained_glass",
  "glass_gray": "gray_stained_glass",
  "glass_green": "green_stained_glass",
  "glass_light_blue": "light_blue_stained_glass",
  "glass_lime": "lime_stained_glass",
  "glass_magenta": "magenta_stained_glass",
  "glass_orange": "orange_stained_glass",
  "glass_pink": "pink_stained_glass",
  "glass_purple": "purple_stained_glass",
  "glass_red": "red_stained_glass",
  "glass_silver": "light_gray_stained_glass",
  "glass_white": "white_stained_glass",
  "glass_yellow": "yellow_stained_glass",
  "glass_pane_top_black": "black_stained_glass_pane_top",
  "glass_pane_top_blue": "blue_stained_glass_pane_top",
  "glass_pane_top_brown": "brown_stained_glass_pane_top",
  "glass_pane_top_cyan": "cyan_stained_glass_pane_top",
  "glass_pane_top_gray": "gray_stained_glass_pane_top",
  "glass_pane_top_green": "green_stained_glass_pane_top",
  "glass_pane_top_light_blue": "light_blue_stained_glass_pane_top",
  "glass_pane_top_lime": "lime_stained_glass_pane_top",
  "glass_pane_top_magenta": "magenta_stained_glass_pane_top",
  "glass_pane_top_orange": "orange_stained_glass_pane_top",
  "glass_pane_top_pink": "pink_stained_glass_pane_top",
  "glass_pane_top_purple": "purple_stained_glass_pane_top",
  "glass_pane_top_red": "red_stained_glass_pane_top",
  "glass_pane_top_silver": "light_gray_stained_glass_pane_top",
  "glass_pane_top_white": "white_stained_glass_pane_top",
  "glass_pane_top_yellow": "yellow_stained_glass_pane_top",
  "glazed_terracotta_black": "black_glazed_terracotta",
  "glazed_terracotta_blue": "blue_glazed_terracotta",
  "glazed_terracotta_brown": "brown_glazed_terracotta",
  "glazed_terracotta_cyan": "cyan_glazed_terracotta",
  "glazed_terracotta_gray": "gray_glazed_terracotta",
  "glazed_terracotta_green": "green_glazed_terracotta",
  "glazed_terracotta_light_blue": "light_blue_glazed_terracotta",
  "glazed_terracotta_lime": "lime_glazed_terracotta",
  "glazed_terracotta_magenta": "magenta_glazed_terracotta",
  "glazed_terracotta_orange": "orange_glazed_terracotta",
  "glazed_terracotta_pink": "pink_glazed_terracotta",
  "glazed_terracotta_purple": "purple_glazed_terracotta",
  "glazed_terracotta_red": "red_glazed_terracotta",
  "glazed_terracotta_silver": "light_gray_glazed_terracotta",
  "glazed_terracotta_white": "white_glazed_terracotta",
  "glazed_terracotta_yellow": "yellow_glazed_terracotta",
  "grass": "grass_parent",
  "grass_normal": "grass_block",
  "grass_snowed": "grass_block_snow",
  "tall_grass": "grass",
  "double_grass": "tall_grass",
  "double_grass_bottom": "tall_grass_bottom",
  "double_grass_top": "tall_grass_top",
  "grass_side": "grass_block_side",
  "grass_side_overlay": "grass_block_side_overlay",
  "grass_side_snowed": "grass_block_snow",
  "grass_top": "grass_block_top",
  "hardened_clay": "terracotta",
  "hardened_clay_stained_black": "black_terracotta",
  "hardened_clay_stained_blue": "blue_terracotta",
  "hardened_clay_stained_brown": "brown_terracotta",
  "hardened_clay_stained_cyan": "cyan_terracotta",
  "hardened_clay_stained_gray": "gray_terracotta",
  "hardened_clay_stained_green": "green_terracotta",
  "hardened_clay_stained_light_blue": "light_blue_terracotta",
  "hardened_clay_stained_lime": "lime_terracotta",
  "hardened_clay_stained_magenta": "magenta_terracotta",
  "hardened_clay_stained_orange": "orange_terracotta",
  "hardened_clay_stained_pink": "pink_terracotta",
  "hardened_clay_stained_purple": "purple_terracotta",
  "hardened_clay_stained_red": "red_terracotta",
  "hardened_clay_stained_silver": "light_gray_terracotta",
  "hardened_clay_stained_white": "white_terracotta",
  "hardened_clay_stained_yellow": "yellow_terracotta",
  "hay": "hay_block",
  "heavy_pressure_plate_up": "heavy_weighted_pressure_plate",
  "heavy_pressure_plate_down": "heavy_weighted_pressure_plate_down",
  "ice_packed": "packed_ice",
  "jungle_inner_stairs": "jungle_stairs_inner",
  "jungle_outer_stairs": "jungle_stairs_outer",
  "jungle_fence_gate_closed": "jungle_fence_gate",
  "jungle_wall_gate_closed": "jungle_fence_gate_wall",
  "jungle_wall_gate_open": "jungle_fence_gate_wall_open",
  "leaves_acacia": "acacia_leaves",
  "leaves_big_oak": "dark_oak_leaves",
  "leaves_birch": "birch_leaves",
  "leaves_jungle": "jungle_leaves",
  "leaves_oak": "oak_leaves",
  "leaves_spruce": "spruce_leaves",
  "lever_off": "lever_on",
  "light_pressure_plate_up": "light_weighted_pressure_plate",
  "light_pressure_plate_down": "light_weighted_pressure_plate_down",
  "log_acacia": "acacia_log",
  "log_acacia_top": "acacia_log_top",
  "log_big_oak": "dark_oak_log",
  "log_big_oak_top": "dark_oak_log_top",
  "log_birch": "birch_log",
  "log_birch_top": "birch_log_top",
  "log_jungle": "jungle_log",
  "log_jungle_top": "jungle_log_top",
  "log_oak": "oak_log",
  "log_oak_top": "oak_log_top",
  "log_spruce": "spruce_log",
  "log_spruce_top": "spruce_log_top",
  "melon_stem_connected": "attached_melon_stem",
  "melon_stem_disconnected": "melon_stem",
  "mushroom_block_skin_brown": "brown_mushroom_block",
  "mushroom_block_skin_red": "red_mushroom_block",
  "mushroom_block_skin_stem": "mushroom_stem",
  "mushroom_brown": "brown_mushroom",
  "mushroom_red": "red_mushroom",
  "nether_brick": "nether_bricks",
  "nether_brick_inner_stairs": "nether_brick_stairs_inner",
  "nether_brick_outer_stairs": "nether_brick_stairs_outer",
  "nether_wart_stage_0": "nether_wart_stage0",
  "nether_wart_stage_1": "nether_wart_stage1",
  "nether_wart_stage_2": "nether_wart_stage2",
  "normal_rail_flat": "rail",
  "normal_rail_raised_ne": "rail_raised_ne",
  "normal_rail_raised_sw": "rail_raised_sw",
  "normal_rail_curved": "rail_corner",
  "noteblock": "note_block",
  "oak_inner_stairs": "oak_stairs_inner",
  "oak_outer_stairs": "oak_stairs_outer",
  "oak_fence_gate_closed": "oak_fence_gate",
  "oak_wall_gate_closed": "oak_fence_gate_wall",
  "oak_wall_gate_open": "oak_fence_gate_wall_open",
  "observer_back_lit": "observer_back_on",
  "orchid": "blue_orchid",
  "piston_inventory_normal": "piston_inventory",
  "piston_inventory_sticky": "sticky_piston_inventory",
  "piston_normal": "piston",
  "piston_head_normal": "piston_head",
  "piston_head_short_normal": "piston_head_short",
  "piston_top_normal": "piston_top",
  "piston_extended_normal": "piston_base",
  "planks_acacia": "acacia_planks",
  "planks_big_oak": "dark_oak_planks",
  "planks_birch": "birch_planks",
  "planks_jungle": "jungle_planks",
  "planks_oak": "oak_planks",
  "planks_spruce": "spruce_planks",
  "potatoes_stage_0": "potatoes_stage0",
  "potatoes_stage_1": "potatoes_stage1",
  "potatoes_stage_2": "potatoes_stage2",
  "potatoes_stage_3": "potatoes_stage3",
  "prismarine_dark": "dark_prismarine",
  "prismarine_rough": "prismarine",
  "prismarine_rough.mcmeta": "prismarine.mcmeta",
  "pumpkin_face_off": "carved_pumpkin",
  "pumpkin_face_on": "jack_o_lantern",
  "pumpkin_stem_connected": "attached_pumpkin_stem",
  "pumpkin_stem_disconnected": "pumpkin_stem",
  "purple_stained_glass": "purple_stained_glass",
  "purpur_pillar": "purpur_pillar",
  "purpur_pillar_top": "purpur_pillar",
  "purpur_inner_stairs": "purpur_stairs_inner",
  "purpur_outer_stairs": "purpur_stairs_outer",
  "quartz_chiseled": "chiseled_quartz_block",
  "quartz_block_chiseled": "chiseled_quartz_block",
  "quartz_block_chiseled_top": "chiseled_quartz_block_top",
  "quartz_block_lines": "quartz_pillar",
  "quartz_block_lines_top": "quartz_pillar_top",
  "quartz_inner_stairs": "quartz_stairs_inner",
  "quartz_outer_stairs": "quartz_stairs_outer",
  "quartz_normal": "quartz_block",
  "quartz_ore": "nether_quartz_ore",
  "rail_activator": "activator_rail",
  "rail_activator_powered": "activator_rail_on",
  "rail_detector": "detector_rail",
  "rail_detector_powered": "detector_rail_on",
  "rail_golden": "powered_rail",
  "rail_golden_powered": "powered_rail_on",
  "red_nether_brick": "red_nether_bricks",
  "rail_normal": "rail",
  "rail_normal_turned": "rail_corner",
  "red_sandstone_carved": "chiseled_red_sandstone",
  "red_sandstone_inner_stairs": "red_sandstone_stairs_inner",
  "red_sandstone_outer_stairs": "red_sandstone_stairs_outer",
  "red_sandstone_normal": "red_sandstone",
  "red_sandstone_smooth": "cut_red_sandstone",
  "redstone_lamp_off": "redstone_lamp",
  "unlit_redstone_lamp": "redstone_lamp",
  "lit_redstone_lamp": "redstone_lamp_on",
  "redstone_torch_on": "redstone_torch",
  "lit_redstone_torch": "redstone_torch",
  "unlit_redstone_torch": "redstone_torch_off",
  "unlit_redstone_torch_wall": "redstone_wall_torch_off",
  "lit_redstone_torch_wall": "redstone_wall_torch",
  "redstone_dot": "redstone_dust_dot",
  "redstone_side0": "redstone_dust_side0",
  "redstone_side1": "redstone_dust_side1",
  "redstone_side_alt0": "redstone_dust_side_alt0",
  "redstone_side_alt1": "redstone_dust_side_alt1",
  "redstone_up": "redstone_dust_up",
  "reeds": "sugar_cane",
  "repeater_off": "repeater",
  "sandstone_carved": "chiseled_sandstone",
  "sandstone_chiseled": "chiseled_sandstone",
  "sandstone_inner_stairs": "sandstone_stairs_inner",
  "sandstone_outer_stairs": "sandstone_stairs_outer",
  "sandstone_normal": "sandstone",
  "sandstone_smooth": "cut_sandstone",
  "sapling_acacia": "acacia_sapling",
  "sapling_birch": "birch_sapling",
  "sapling_jungle": "jungle_sapling",
  "sapling_oak": "oak_sapling",
  "sapling_roofed_oak": "dark_oak_sapling",
  "sapling_spruce": "spruce_sapling",
  "shulker_top_black": "black_shulker_box",
  "shulker_top_blue": "blue_shulker_box",
  "shulker_top_brown": "brown_shulker_box",
  "shulker_top_cyan": "cyan_shulker_box",
  "shulker_top_gray": "gray_shulker_box",
  "shulker_top_green": "green_shulker_box",
  "shulker_top_light_blue": "light_blue_shulker_box",
  "shulker_top_lime": "lime_shulker_box",
  "shulker_top_magenta": "magenta_shulker_box",
  "shulker_top_orange": "orange_shulker_box",
  "shulker_top_pink": "pink_shulker_box",
  "shulker_top_purple": "purple_shulker_box",
  "shulker_top_red": "red_shulker_box",
  "shulker_top_silver": "light_gray_shulker_box",
  "shulker_top_white": "white_shulker_box",
  "shulker_top_yellow": "yellow_shulker_box",
  "slime": "slime_block",
  "snow": "snow_block",
  "snow_layer": "snow",
  "sponge_wet": "wet_sponge",
  "spruce_inner_stairs": "spruce_stairs_inner",
  "spruce_outer_stairs": "spruce_stairs_outer",
  "spruce_fence_gate_closed": "spruce_fence_gate",
  "spruce_wall_gate_closed": "spruce_fence_gate_wall",
  "spruce_wall_gate_open": "spruce_fence_gate_wall_open",
  "stone_andesite": "andesite",
  "stone_andesite_smooth": "polished_andesite",
  "stone_diorite": "diorite",
  "stone_diorite_smooth": "polished_diorite",
  "stone_granite": "granite",
  "stone_granite_smooth": "polished_granite",
  "stone_inner_stairs": "cobblestone_stairs_inner",
  "stone_outer_stairs": "cobblestone_stairs_outer",
  "stone_stairs": "cobblestone_stairs",
  "stone_pressure_plate_up": "stone_pressure_plate",
  "stonebrick": "stone_bricks",
  "stonebrick_normal": "stone_bricks",
  "stone_brick_inner_stairs": "stone_brick_stairs_inner",
  "stone_brick_outer_stairs": "stone_brick_stairs_outer",
  "stonebrick_carved": "chiseled_stone_bricks",
  "stonebrick_cracked": "cracked_stone_bricks",
  "stonebrick_mossy": "mossy_stone_bricks",
  "tallgrass": "grass",
  "terracotta_purple": "purple_terracotta",
  "torch_on": "torch",
  "trip_wire_source": "trip_wire_hook",
  "waterlily": "lily_pad",
  "web": "cobweb",
  "wheat_stage_0": "wheat_stage0",
  "wheat_stage_1": "wheat_stage1",
  "wheat_stage_2": "wheat_stage2",
  "wheat_stage_3": "wheat_stage3",
  "wheat_stage_4": "wheat_stage4",
  "wheat_stage_5": "wheat_stage5",
  "wheat_stage_6": "wheat_stage6",
  "wheat_stage_7": "wheat_stage7",
  "wool_colored_black": "black_wool",
  "wool_colored_blue": "blue_wool",
  "wool_colored_brown": "brown_wool",
  "wool_colored_cyan": "cyan_wool",
  "wool_colored_gray": "gray_wool",
  "wool_colored_green": "green_wool",
  "wool_colored_light_blue": "light_blue_wool",
  "wool_colored_lime": "lime_wool",
  "wool_colored_magenta": "magenta_wool",
  "wool_colored_orange": "orange_wool",
  "wool_colored_pink": "pink_wool",
  "wool_colored_purple": "purple_wool",
  "wool_colored_red": "red_wool",
  "wool_colored_silver": "light_gray_wool",
  "wool_colored_white": "white_wool",
  "wool_colored_yellow": "yellow_wool",
  "carpet_black": "black_carpet",
  "carpet_blue": "blue_carpet",
  "carpet_brown": "brown_carpet",
  "carpet_cyan": "cyan_carpet",
  "carpet_green": "green_carpet",
  "carpet_light_blue": "light_blue_carpet",
  "carpet_lime": "lime_carpet",
  "carpet_magenta": "magenta_carpet",
  "carpet_orange": "orange_carpet",
  "carpet_pink": "pink_carpet",
  "carpet_purple": "purple_carpet",
  "carpet_red": "red_carpet",
  "carpet_silver": "light_gray_carpet",
  "silver_carpet": "light_gray_carpet",
  "carpet_white": "white_carpet",
  "carpet_yellow": "yellow_carpet",
  "carpet_gray": "gray_carpet",
  "wooden_pressure_plate": "oak_pressure_plate",
  "wooden_pressure_plate_up": "oak_pressure_plate",
  "wooden_pressure_plate_down": "oak_pressure_plate_down",
  "wood_pressure_plate": "oak_pressure_plate",
  "wooden_trapdoor_bottom": "oak_trapdoor_bottom",
  "wooden_trapdoor_top": "oak_trapdoor_top",
  "wooden_trapdoor_open": "oak_trapdoor_open",
  "trapdoor": "oak_trapdoor",
  "hopper_down": "hopper"
}
