{
  "0":"minecraft:air",
  "1":"minecraft:stone",
  "1:1":"minecraft:granite",
  "1:2":"minecraft:polished_granite",
  "1:3":"minecraft:diorite",
  "1:4":"minecraft:polished_diorite",
  "1:5":"minecraft:andesite",
  "1:6":"minecraft:polished_andisite",
  "2":"minecraft:grass_block",
  "3":"minecraft:dirt",
  "3:1":"minecraft:coarse_dirt",
  "3:2":"minecraft:podzol",
  "4":"minecraft:cobblestone",
  "5":"minecraft:oak_planks",
  "5:1":"minecraft:spruce_planks",
  "5:2":"minecraft:birch_planks",
  "5:3":"minecraft:jungle_planks",
  "5:4":"minecraft:acacia_planks",
  "5:5":"minecraft:dark_oak_planks",
  "6":"minecraft:oak_sapling",
  "6:1":"minecraft:spruce_sapling",
  "6:2":"minecraft:birch_sapling",
  "6:3":"minecraft:jungle_sapling",
  "6:4":"minecraft:acacia_sapling",
  "6:5":"minecraft:dark_oak_sapling",
  "7":"minecraft:bedrock",
  "8":"minecraft:water",
  "9":"minecraft:water",
  "10":"minecraft:lava",
  "11":"minecraft:lava",
  "12":"minecraft:sand",
  "12:1":"minecraft:red_sand",
  "13":"minecraft:gravel",
  "14":"minecraft:gold_ore",
  "15":"minecraft:iron_ore",
  "16":"minecraft:coal_ore",
  "17":"minecraft:oak_log",
  "17:1":"minecraft:spruce_log",
  "17:2":"minecraft:birch_log",
  "17:3":"minecraft:jungle_log",
  "18":"minecraft:oak_leaves",
  "18:1":"minecraft:spruce_leaves",
  "18:2":"minecraft:birch_leaves",
  "18:3":"minecraft:jungle_leaves",
  "19":"minecraft:sponge",
  "19:1":"minecraft:wet_sponge",
  "20":"minecraft:glass",
  "21":"minecraft:lapis_ore",
  "22":"minecraft:lapis_block",
  "23":"minecraft:dispenser",
  "24":"minecraft:sandstone",
  "24:1":"minecraft:chiseled_sandstone",
  "24:2":"minecraft:cut_sandstone",
  "25":"minecraft:note_block",
  "26":"minecraft:bed",
  "27":"minecraft:powered_rail",
  "28":"minecraft:detector_rail",
  "29":"minecraft:sticky_piston",
  "30":"minecraft:cobweb",
  "31":"minecraft:dead_bush",
  "31:1":"minecraft:grass",
  "31:2":"minecraft:fern",
  "32":"minecraft:dead_bush",
  "33":"minecraft:piston",
  "34":"minecraft:piston_head",
  "35":"minecraft:white_wool",
  "35:1":"minecraft:orange_wool",
  "35:2":"minecraft:magenta_wool",
  "35:3":"minecraft:light_blue_wool",
  "35:4":"minecraft:yellow_wool",
  "35:5":"minecraft:lime_wool",
  "35:6":"minecraft:pink_wool",
  "35:7":"minecraft:gray_wool",
  "35:8":"minecraft:light_gray_wool",
  "35:9":"minecraft:cyan_wool",
  "35:10":"minecraft:purple_wool",
  "35:11":"minecraft:blue_wool",
  "35:12":"minecraft:brown_wool",
  "35:13":"minecraft:green_wool",
  "35:14":"minecraft:red_wool",
  "35:15":"minecraft:black_wool",
  "37":"minecraft:dandelion",
  "38":"minecraft:poppy",
  "38:1":"minecraft:blue_orchid",
  "38:2":"minecraft:allium",
  "38:3":"minecraft:azure_bluet",
  "38:4":"minecraft:red_tulip",
  "38:5":"minecraft:orange_tulip",
  "38:6":"minecraft:white_tulip",
  "38:7":"minecraft:pink_tulip",
  "38:8":"minecraft:oxeye_daisy",
  "39":"minecraft:brown_mushroom",
  "40":"minecraft:red_mushroom",
  "41":"minecraft:gold_block",
  "42":"minecraft:iron_block",
  "43":"minecraft:stone_slab",
  "43:1":"minecraft:sandstone_slab",
  "43:2":"minecraft:petrified_oak_slab",
  "43:3":"minecraft:cobblestone_slab",
  "43:4":"minecraft:brick_slab",
  "43:5":"minecraft:stone_brick_slab",
  "43:6":"minecraft:nether_brick_slab",
  "43:7":"minecraft:quartz_slab",
  "44":"minecraft:stone_slab",
  "44:1":"minecraft:sandstone_slab",
  "44:2":"minecraft:petrified_oak_slab",
  "44:3":"minecraft:cobblestone_slab",
  "44:4":"minecraft:brick_slab",
  "44:5":"minecraft:stone_brick_slab",
  "44:6":"minecraft:nether_brick_slab",
  "44:7":"minecraft:quartz_slab",
  "45":"minecraft:bricks",
  "46":"minecraft:tnt",
  "47":"minecraft:bookshelf",
  "48":"minecraft:mossy_cobblestone",
  "49":"minecraft:obsidian",
  "50":"minecraft:torch",
  "51":"minecraft:fire",
  "52":"minecraft:spawner",
  "53":"minecraft:oak_stairs",
  "54":"minecraft:chest",
  "55":"minecraft:redstone_wire",
  "56":"minecraft:diamond_ore",
  "57":"minecraft:diamond_block",
  "58":"minecraft:crafting_table",
  "59":"minecraft:wheat",
  "60":"minecraft:farmland",
  "61":"minecraft:furnace",
  "62":"minecraft:furnace",
  "63":"minecraft:sign",
  "64":"minecraft:wooden_door",
  "65":"minecraft:ladder",
  "66":"minecraft:rail",
  "67":"minecraft:cobblestone_stairs",
  "68":"minecraft:wall_sign",
  "69":"minecraft:lever",
  "70":"minecraft:stone_pressure_plate",
  "71":"minecraft:iron_door",
  "72":"minecraft:oak_pressure_plate",
  "73":"minecraft:redstone_ore",
  "74":"minecraft:redstone_ore",
  "75":"minecraft:redstone_torch",
  "76":"minecraft:redstone_torch",
  "77":"minecraft:stone_button",
  "78":"minecraft:snow",
  "79":"minecraft:ice",
  "80":"minecraft:snow_block",
  "81":"minecraft:cactus",
  "82":"minecraft:clay",
  "83":"minecraft:reeds",
  "84":"minecraft:jukebox",
  "85":"minecraft:oak_fence",
  "86":"minecraft:carved_pumpkin",
  "87":"minecraft:netherrack",
  "88":"minecraft:soul_sand",
  "89":"minecraft:glowstone",
  "90":"minecraft:portal",
  "91":"minecraft:jack_o_lantern",
  "92":"minecraft:cake",
  "93":"minecraft:unpowered_repeater",
  "94":"minecraft:powered_repeater",
  "95":"minecraft:white_stained_glass",
  "95:1":"minecraft:orange_stained_glass",
  "95:2":"minecraft:magenta_stained_glass",
  "95:3":"minecraft:light_blue_stained_glass",
  "95:4":"minecraft:yellow_stained_glass",
  "95:5":"minecraft:lime_stained_glass",
  "95:6":"minecraft:pink_stained_glass",
  "95:7":"minecraft:gray_stained_glass",
  "95:8":"minecraft:light_gray_stained_glass",
  "95:9":"minecraft:cyan_stained_glass",
  "95:10":"minecraft:purple_stained_glass",
  "95:11":"minecraft:blue_stained_glass",
  "95:12":"minecraft:brown_stained_glass",
  "95:13":"minecraft:green_stained_glass",
  "95:14":"minecraft:red_stained_glass",
  "95:15":"minecraft:black_stained_glass",
  "96":"minecraft:oak_trapdoor",
  "97":"minecraft:infested_stone",
  "97:1":"minecraft:infested+cpbblestone",
  "97:2":"minecraft:infested_stone_bricks",

  "97:3":"minecraft:infested_mossy_stone_bricks",
  "97:4":"minecraft:infested_cracked_stone_bricks",
  "97:5":"minecraft:infested_chisled_stone_bricks",
  "98":"minecraft:stone_bricks",
  "98:1":"minecraft:mossy_stone_bricks",
  "98:2":"minecraft:cracked_stone_bricks",
  "98:3":"minecraft:chiseled_stone_bricks",
  "99":"minecraft:brown_mushroom_block",
  "100":"minecraft:red_mushroom_block",
  "101":"minecraft:iron_bars",
  "102":"minecraft:glass_pane",
  "103":"minecraft:melon",
  "104":"minecraft:pumpkin_stem",
  "105":"minecraft:melon_stem",
  "106":"minecraft:vine",
  "107":"minecraft:oak_fence_gate",
  "108":"minecraft:brick_stairs",
  "109":"minecraft:stone_brick_stairs",
  "110":"minecraft:mycelium",
  "111":"minecraft:lilly_pad",
  "112":"minecraft:nether_bricks",
  "113":"minecraft:nether_brick_fence",
  "114":"minecraft:nether_brick_stairs",
  "115":"minecraft:nether_wart",
  "116":"minecraft:enchanting_table",
  "117":"minecraft:brewing_stand",
  "118":"minecraft:cauldron",
  "119":"minecraft:end_portal",
  "120":"minecraft:end_portal_frame",
  "121":"minecraft:end_stone",
  "122":"minecraft:dragon_egg",
  "123":"minecraft:redstone_lamp",
  "124":"minecraft:redstone_lamp",
  "125":"minecraft:oak_slab",
  "125:1":"minecraft:spruce_slab",
  "125:2":"minecraft:birch_slab",
  "125:3":"minecraft:jungle_slab",
  "125:4":"minecraft:acacia_slab",
  "125:5":"minecraft:dark_oak_slab",
  "126":"minecraft:oak_slab",
  "126:1":"minecraft:spruce_slab",
  "126:2":"minecraft:birch_slab",
  "126:3":"minecraft:jungle_slab",
  "126:4":"minecraft:acacia_slab",
  "126:5":"minecraft:dark_oak_slab",
  "127":"minecraft:cocoa",
  "128":"minecraft:sandstone_stairs",
  "129":"minecraft:emerald_ore",
  "130":"minecraft:ender_chest",
  "131":"minecraft:tripwire_hook",
  "132":"minecraft:tripwire_hook",
  "133":"minecraft:emerald_block",
  "134":"minecraft:spruce_stairs",
  "135":"minecraft:birch_stairs",
  "136":"minecraft:jungle_stairs",
  "137":"minecraft:command_block",
  "138":"minecraft:beacon",
  "139":"minecraft:cobblestone_wall",
  "139:1":"minecraft:mossy_cobblestone_wall",
  "140":"minecraft:flower_pot",
  "141":"minecraft:carrots",
  "142":"minecraft:potatoes",
  "143":"minecraft:oak_button",
  "144":"minecraft:skull",
  "145":"minecraft:anvil",
  "146":"minecraft:trapped_chest",
  "147":"minecraft:light_weighted_pressure_plate",
  "148":"minecraft:heavy_weighted_pressure_plate",
  "149":"minecraft:unpowered_comparator",
  "150":"minecraft:powered_comparator",
  "151":"minecraft:daylight_detector",
  "152":"minecraft:redstone_block",
  "153":"minecraft:nether_quartz_ore",
  "154":"minecraft:hopper",
  "155":"minecraft:quartz_block",
  "155:1":"minecraft:chiseled_quartz_block",
  "155:2":"minecraft:quartz_pillar",
  "156":"minecraft:quartz_stairs",
  "157":"minecraft:activator_rail",
  "158":"minecraft:dropper",
  "159":"minecraft:white__terracotta",
  "159:1":"minecraft:orange_terracotta",
  "159:2":"minecraft:magenta_terracotta",
  "159:3":"minecraft:light_blue_terracotta",
  "159:4":"minecraft:yellow_terracotta",
  "159:5":"minecraft:lime_terracotta",
  "159:6":"minecraft:pink_terracotta",
  "159:7":"minecraft:gray_terracotta",
  "159:8":"minecraft:light_gray_terracotta",
  "159:9":"minecraft:cyan_terracotta",
  "159:10":"minecraft:purple_terracotta",
  "159:11":"minecraft:blue_terracotta",
  "159:12":"minecraft:brown_terracotta",
  "159:13":"minecraft:green_terracotta",
  "159:14":"minecraft:red_terracotta",
  "159:15":"minecraft:black_terracotta",
  "160":"minecraft:white_stained_glass_pane",
  "160:1":"minecraft:orange_stained_glass_pane",
  "160:2":"minecraft:magenta_stained_glass_pane",
  "160:3":"minecraft:light_blue_stained_glass_pane",
  "160:4":"minecraft:yellow_stained_glass_pane",
  "160:5":"minecraft:lime_stained_glass_pane",
  "160:6":"minecraft:pink_stained_glass_pane",
  "160:7":"minecraft:gray_stained_glass_pane",
  "160:8":"minecraft:light_gray_stained_glass_pane",
  "160:9":"minecraft:cyan_stained_glass_pane",
  "160:10":"minecraft:purple_stained_glass_pane",
  "160:11":"minecraft:blue_stained_glass_pane",
  "160:12":"minecraft:brown_stained_glass_pane",
  "160:13":"minecraft:green_stained_glass_pane",
  "160:14":"minecraft:red_stained_glass_pane",
  "160:15":"minecraft:black_stained_glass_pane",
  "161":"minecraft:acacia_leaves",
  "161:1":"minecraft:dark_oak_leaves",
  "162":"minecraft:acacia_log",
  "162:1":"minecraft:dark_oak_log",
  "163":"minecraft:acacia_stairs",
  "164":"minecraft:dark_oak_stairs",
  "165":"minecraft:slime_block",
  "166":"minecraft:barrier",
  "167":"minecraft:iron_trapdoor",
  "168":"minecraft:prismarine",
  "168:1":"minecraft:prismarine_bricks",
  "168:2":"minecraft:dark_prismarine",
  "169":"minecraft:sea_lantern",
  "170":"minecraft:hay_block",
  "171":"minecraft:white_carpet",
  "171:1":"minecraft:orange_carpet",
  "171:2":"minecraft:magenta_carpet",
  "171:3":"minecraft:light_blue_carpet",
  "171:4":"minecraft:yellow_carpet",
  "171:5":"minecraft:lime_carpet",
  "171:6":"minecraft:pink_carpet",
  "171:7":"minecraft:gray_carpet",
  "171:8":"minecraft:light_gray_carpet",
  "171:9":"minecraft:cyan_carpet",
  "171:10":"minecraft:purple_carpet",
  "171:11":"minecraft:blue_carpet",
  "171:12":"minecraft:brown_carpet",
  "171:13":"minecraft:green_carpet",
  "171:14":"minecraft:red_carpet",
  "171:15":"minecraft:black_carpet",
  "172":"minecraft:terracotta",
  "173":"minecraft:coal_block",
  "174":"minecraft:packed_ice",
  "175":"minecraft:sunflower",
  "175:1":"minecraft:lilac",
  "175:2":"minecraft:tall_grass",
  "175:3":"minecraft:large_fern",
  "175:4":"minecraft:rose_bush",
  "175:5":"minecraft:peony",
  "176":"minecraft:standing_banner",
  "177":"minecraft:wall_banner",
  "178":"minecraft:daylight_detector",
  "179":"minecraft:red_sandstone",
  "179:1":"minecraft:red_sandstone",
  "179:2":"minecraft:red_sandstone",
  "180":"minecraft:red_sandstone_stairs",
  "181":"minecraft:red_sandstone_slab",
  "182":"minecraft:red_sandstone_slab",
  "183":"minecraft:spruce_fence_gate",
  "184":"minecraft:birch_fence_gate",
  "185":"minecraft:jungle_fence_gate",
  "186":"minecraft:dark_oak_fence_gate",
  "187":"minecraft:acacia_fence_gate",
  "188":"minecraft:spruce_fence",
  "189":"minecraft:birch_fence",
  "190":"minecraft:jungle_fence",
  "191":"minecraft:dark_oak_fence",
  "192":"minecraft:acacia_fence",
  "193":"minecraft:spruce_door",
  "194":"minecraft:birch_door",
  "195":"minecraft:jungle_door",
  "196":"minecraft:acacia_door",
  "197":"minecraft:dark_oak_door",
  "198":"minecraft:end_rod",
  "199":"minecraft:chorus_plant",
  "200":"minecraft:chorus_flower",
  "201":"minecraft:purpur_block",
  "202":"minecraft:purpur_pillar",
  "203":"minecraft:purpur_stairs",
  "204":"minecraft:purpur_slab",
  "205":"minecraft:purpur_slab",
  "206":"minecraft:end_bricks",
  "207":"minecraft:beetroots",
  "208":"minecraft:grass_path",
  "209":"minecraft:end_gateway",
  "210":"minecraft:repeating_command_block",
  "211":"minecraft:chain_command_block",
  "212":"minecraft:frosted_ice",
  "213":"minecraft:magma_block",
  "214":"minecraft:nether_wart_block",
  "215":"minecraft:red_nether_bricks",
  "216":"minecraft:bone_block",
  "217":"minecraft:structure_void",
  "218":"minecraft:observer",
  "219":"minecraft:white_shulker_box",
  "220":"minecraft:orange_shulker_box",
  "221":"minecraft:magenta_shulker_box",
  "222":"minecraft:light_blue_shulker_box",
  "223":"minecraft:yellow_shulker_box",
  "224":"minecraft:lime_shulker_box",
  "225":"minecraft:pink_shulker_box",
  "226":"minecraft:gray_shulker_box",
  "227":"minecraft:light_gray_shulker_box",
  "228":"minecraft:cyan_shulker_box",
  "229":"minecraft:purple_shulker_box",
  "230":"minecraft:blue_shulker_box",
  "231":"minecraft:brown_shulker_box",
  "232":"minecraft:green_shulker_box",
  "233":"minecraft:red_shulker_box",
  "234":"minecraft:black_shulker_box",
  "235":"minecraft:white_glazed_terracotta",
  "236":"minecraft:orange_glazed_terracotta",
  "237":"minecraft:magenta_glazed_terracotta",
  "238":"minecraft:light_blue_glazed_terracotta",
  "239":"minecraft:yellow_glazed_terracotta",
  "240":"minecraft:lime_glazed_terracotta",
  "241":"minecraft:pink_glazed_terracotta",
  "242":"minecraft:gray_glazed_terracotta",
  "243":"minecraft:light_gray_glazed_terracotta",
  "244":"minecraft:cyan_glazed_terracotta",
  "245":"minecraft:purple_glazed_terracotta",
  "246":"minecraft:blue_glazed_terracotta",
  "247":"minecraft:brown_glazed_terracotta",
  "248":"minecraft:green_glazed_terracotta",
  "249":"minecraft:red_glazed_terracotta",
  "250":"minecraft:black_glazed_terracotta",
  "251":"minecraft:white_concrete",
  "251:1":"minecraft:orange_concrete",
  "251:2":"minecraft:magenta_concrete",
  "251:3":"minecraft:light_blue_concrete",
  "251:4":"minecraft:yellow_concrete",
  "251:5":"minecraft:lime_concrete",
  "251:6":"minecraft:pink_concrete",
  "251:7":"minecraft:gray_concrete",
  "251:8":"minecraft:light_gray_concrete",
  "251:9":"minecraft:cyan_concrete",
  "251:10":"minecraft:purple_concrete",
  "251:11":"minecraft:blue_concrete",
  "251:12":"minecraft:brown_concrete",
  "251:13":"minecraft:green_concrete",
  "251:14":"minecraft:red_concrete",
  "251:15":"minecraft:black_concrete",
  "252":"minecraft:white_concrete_powder",
  "252:1":"minecraft:orange_concrete_powder",
  "252:2":"minecraft:magenta_concrete_powder",
  "252:3":"minecraft:light_blue_concrete_powder",
  "252:4":"minecraft:yellow_concrete_powder",
  "252:5":"minecraft:lime_concrete_powder",
  "252:6":"minecraft:pink_concrete_powder",
  "252:7":"minecraft:gray_concrete_powder",
  "252:8":"minecraft:light_gray_concrete_powder",
  "252:9":"minecraft:cyan_concrete_powder",
  "252:10":"minecraft:purple_concrete_powder",
  "252:11":"minecraft:blue_concrete_powder",
  "252:12":"minecraft:brown_concrete_powder",
  "252:13":"minecraft:green_concrete_powder",
  "252:14":"minecraft:red_concrete_powder",
  "252:15":"minecraft:black_concrete_powder",
  "255":"minecraft:structure_block",
  "256":"minecraft:iron_shovel",
  "257":"minecraft:iron_pickaxe",
  "258":"minecraft:iron_axe",
  "259":"minecraft:flint_and_steel",
  "260":"minecraft:apple",
  "261":"minecraft:bow",
  "262":"minecraft:arrow",
  "263":"minecraft:coal",
  "263:1":"minecraft:charcoal",
  "264":"minecraft:diamond",
  "265":"minecraft:iron_ingot",
  "266":"minecraft:gold_ingot",
  "267":"minecraft:iron_sword",
  "268":"minecraft:wooden_sword",
  "269":"minecraft:wooden_shovel",
  "270":"minecraft:wooden_pickaxe",
  "271":"minecraft:wooden_axe",
  "272":"minecraft:stone_sword",
  "273":"minecraft:stone_shovel",
  "274":"minecraft:stone_pickaxe",
  "275":"minecraft:stone_axe",
  "276":"minecraft:diamond_sword",
  "277":"minecraft:diamond_shovel",
  "278":"minecraft:diamond_pickaxe",
  "279":"minecraft:diamond_axe",
  "280":"minecraft:stick",
  "281":"minecraft:bowl",
  "282":"minecraft:mushroom_stew",
  "283":"minecraft:golden_sword",
  "284":"minecraft:golden_shovel",
  "285":"minecraft:golden_pickaxe",
  "286":"minecraft:golden_axe",
  "287":"minecraft:string",
  "288":"minecraft:feather",
  "289":"minecraft:gunpowder",
  "290":"minecraft:wooden_hoe",
  "291":"minecraft:stone_hoe",
  "292":"minecraft:iron_hoe",
  "293":"minecraft:diamond_hoe",
  "294":"minecraft:golden_hoe",
  "295":"minecraft:wheat_seeds",
  "296":"minecraft:wheat",
  "297":"minecraft:bread",
  "298":"minecraft:leather_helmet",
  "299":"minecraft:leather_chestplate",
  "300":"minecraft:leather_leggings",
  "301":"minecraft:leather_boots",
  "302":"minecraft:chainmail_helmet",
  "303":"minecraft:chainmail_chestplate",
  "304":"minecraft:chainmail_leggings",
  "305":"minecraft:chainmail_boots",
  "306":"minecraft:iron_helmet",
  "307":"minecraft:iron_chestplate",
  "308":"minecraft:iron_leggings",
  "309":"minecraft:iron_boots",
  "310":"minecraft:diamond_helmet",
  "311":"minecraft:diamond_chestplate",
  "312":"minecraft:diamond_leggings",
  "313":"minecraft:diamond_boots",
  "314":"minecraft:golden_helmet",
  "315":"minecraft:golden_chestplate",
  "316":"minecraft:golden_leggings",
  "317":"minecraft:golden_boots",
  "318":"minecraft:flint",
  "319":"minecraft:porkchop",
  "320":"minecraft:cooked_porkchop",
  "321":"minecraft:painting",
  "322":"minecraft:golden_apple",
  "322:1":"minecraft:enchanted_golden_apple",
  "323":"minecraft:sign",
  "324":"minecraft:oak_door",
  "325":"minecraft:bucket",
  "326":"minecraft:water_bucket",
  "327":"minecraft:lava_bucket",
  "328":"minecraft:minecart",
  "329":"minecraft:saddle",
  "330":"minecraft:iron_door",
  "331":"minecraft:redstone",
  "332":"minecraft:snowball",
  "333":"minecraft:oak_boat",
  "334":"minecraft:leather",
  "335":"minecraft:milk_bucket",
  "336":"minecraft:brick",
  "337":"minecraft:clay_ball",
  "338":"minecraft:sugarcane",
  "339":"minecraft:paper",
  "340":"minecraft:book",
  "341":"minecraft:slime_ball",
  "342":"minecraft:chest_minecart",
  "343":"minecraft:furnace_minecart",
  "344":"minecraft:egg",
  "345":"minecraft:compass",
  "346":"minecraft:fishing_rod",
  "347":"minecraft:clock",
  "348":"minecraft:glowstone_dust",
  "349":"minecraft:cod",
  "349:1":"minecraft:salmon",
  "349:2":"minecraft:tropical_fish",
  "349:3":"minecraft:pufferfish",
  "350":"minecraft:cooked_cod",
  "350:1":"minecraft:cooked_salmon",
  "351":"minecraft:bone_meal",
  "351:1":"minecraft:orange_dye",
  "351:2":"minecraft:magenta_dye",
  "351:3":"minecraft:light_blue_dye",
  "351:4":"minecraft:dandelion_yellow",
  "351:5":"minecraft:lime_dye",
  "351:6":"minecraft:pink_dye",
  "351:7":"minecraft:gray_dye",
  "351:8":"minecraft:light_gray_dye",
  "351:9":"minecraft:cyan_dye",
  "351:10":"minecraft:purple_dye",
  "351:11":"minecraft:lapis_lazuli",
  "351:12":"minecraft:cocoa_beans",
  "351:13":"minecraft:cactus_green",
  "351:14":"minecraft:rose_red",
  "351:15":"minecraft:ink_sac",
  "352":"minecraft:bone",
  "353":"minecraft:sugar",
  "354":"minecraft:cake",
  "355":"minecraft:bed",
  "356":"minecraft:repeater",
  "357":"minecraft:cookie",
  "358":"minecraft:filled_map",
  "359":"minecraft:shears",
  "360":"minecraft:melon_slice",
  "361":"minecraft:pumpkin_seeds",
  "362":"minecraft:melon_seeds",
  "363":"minecraft:beef",
  "364":"minecraft:cooked_beef",
  "365":"minecraft:chicken",
  "366":"minecraft:cooked_chicken",
  "367":"minecraft:rotten_flesh",
  "368":"minecraft:ender_pearl",
  "369":"minecraft:blaze_rod",
  "370":"minecraft:ghast_tear",
  "371":"minecraft:gold_nugget",
  "372":"minecraft:nether_wart",
  "373":"minecraft:potion",
  "374":"minecraft:glass_bottle",
  "375":"minecraft:spider_eye",
  "376":"minecraft:fermented_spider_eye",
  "377":"minecraft:blaze_powder",
  "378":"minecraft:magma_cream",
  "379":"minecraft:brewing_stand",
  "380":"minecraft:cauldron",
  "381":"minecraft:ender_eye",
  "382":"minecraft:glistering_melon_slice",
  "383:4":"minecraft:bat_spawn_egg",
  "383:5":"minecraft:blaze_spawn_egg",
  "383:6":"minecraft:cave_spider_spawn_egg",
  "383:23":"minecraft:chicken_spawn_egg",
  "383:27":"minecraft:cow_spawn_egg",
  "383:28":"minecraft:creeper_spawn_egg",
  "383:29":"minecraft:donkey_spawn_egg",
  "383:31":"minecraft:elder_guardian_spawn_egg",
  "383:32":"minecraft:enderman_spawn_egg",
  "383:34":"minecraft:endermite_spawn_egg",
  "383:35":"minecraft:evoker_spawn_egg",
  "383:36":"minecraft:glast_spawn_egg",
  "383:50":"minecraft:guardian_spawn_egg",
  "383:51":"minecraft:horse_spawn_egg",
  "383:52":"minecraft:husk_spawn_egg",
  "383:54":"minecraft:llama_spawn_egg",
  "383:55":"minecraft:magma_cube_spawn_egg",
  "383:56":"minecraft:mooshroom_spawn_egg",
  "383:57":"minecraft:mule_spawn_egg",
  "383:58":"minecraft:ocelot_spawn_egg",
  "383:59":"minecraft:parrot_spawn_egg",
  "383:60":"minecraft:pig_spawn_egg",
  "383:61":"minecraft:polar_bear_spawn_egg",
  "383:62":"minecraft:rabbit_spawn_egg",
  "383:65":"minecraft:sheep_spawn_egg",
  "383:66":"minecraft:shulker_spawn_egg",
  "383:67":"minecraft:silverfish_spawn_egg",
  "383:68":"minecraft:skeleton_spawn_egg",
  "383:69":"minecraft:skeleton_horse_spawn_egg",
  "383:90":"minecraft:slime_spawn_egg",
  "383:91":"minecraft:spider_spawn_egg",
  "383:92":"minecraft:squid_spawn_egg",
  "383:93":"minecraft:stray_spawn_egg",
  "383:94":"minecraft:vex_spawn_egg",
  "383:95":"minecraft:villager_spawn_egg",
  "383:96":"minecraft:vindicator_spawn_egg",
  "383:98":"minecraft:witch_spawn_egg",
  "383:100":"minecraft:wither_skeleton_spawn_egg",
  "383:101":"minecraft:wolf_spawn_egg",
  "383:102":"minecraft:zombie_spawn_egg",
  "383:103":"minecraft:zombie_horse_spawn_egg",
  "383:105":"minecraft:zombie_pigman_spawn_egg",
  "383:120":"minecraft:zombie_villager_spawn_egg",
  "384":"minecraft:experience_bottle",
  "385":"minecraft:fire_charge",
  "386":"minecraft:writable_book",
  "387":"minecraft:written_book",
  "388":"minecraft:emerald",
  "389":"minecraft:item_frame",
  "390":"minecraft:flower_pot",
  "391":"minecraft:carrot",
  "392":"minecraft:potato",
  "393":"minecraft:baked_potato",
  "394":"minecraft:poisonous_potato",
  "395":"minecraft:map",
  "396":"minecraft:golden_carrot",
  "397":"minecraft:skeleton_skull",
  "397:1":"minecraft:wither_skeleton_skull",
  "397:2":"minecraft:zombie_head",
  "397:3":"minecraft:player_head",
  "397:4":"minecraft:creeper_head",
  "397:5":"minecraft:dragon_head",
  "398":"minecraft:carrot_on_a_stick",
  "399":"minecraft:nether_star",
  "400":"minecraft:pumpkin_pie",
  "401":"minecraft:firework_rocket",
  "402":"minecraft:firework_star",
  "403":"minecraft:enchanted_book",
  "404":"minecraft:comparator",
  "405":"minecraft:nether_brick",
  "406":"minecraft:quartz",
  "407":"minecraft:tnt_minecart",
  "408":"minecraft:hopper_minecart",
  "409":"minecraft:prismarine_shard",
  "410":"minecraft:prismarine_crystals",
  "411":"minecraft:rabbit",
  "412":"minecraft:cooked_rabbit",
  "413":"minecraft:rabbit_stew",
  "414":"minecraft:rabbit_foot",
  "415":"minecraft:rabbit_hide",
  "416":"minecraft:armor_stand",
  "417":"minecraft:iron_horse_armor",
  "418":"minecraft:golden_horse_armor",
  "419":"minecraft:diamond_horse_armor",
  "420":"minecraft:lead",
  "421":"minecraft:name_tag",
  "422":"minecraft:command_block_minecart",
  "423":"minecraft:mutton",
  "424":"minecraft:cooked_mutton",
  "425":"minecraft:white_banner",
  "426":"minecraft:end_crystal",
  "427":"minecraft:spruce_door",
  "428":"minecraft:birch_door",
  "429":"minecraft:jungle_door",
  "430":"minecraft:acacia_door",
  "431":"minecraft:dark_oak_door",
  "432":"minecraft:chorus_fruit",
  "433":"minecraft:popped_chorus_fruit",
  "434":"minecraft:beetroot",
  "435":"minecraft:beetroot_seeds",
  "436":"minecraft:beetroot_soup",
  "437":"minecraft:dragon_breath",
  "438":"minecraft:splash_potion",
  "439":"minecraft:spectral_arrow",
  "440":"minecraft:tipped_arrow",
  "441":"minecraft:lingering_potion",
  "442":"minecraft:shield",
  "443":"minecraft:elytra",
  "444":"minecraft:spruce_boat",
  "445":"minecraft:birch_boat",
  "446":"minecraft:jungle_boat",
  "447":"minecraft:acacia_boat",
  "448":"minecraft:dark_oak_boat",
  "449":"minecraft:totem_of_undying",
  "450":"minecraft:shulker_shell",
  "452":"minecraft:iron_nugget",
  "453":"minecraft:knowledge_book",
  "2256":"minecraft:music_disc_13",
  "2257":"minecraft:music_disc_cat",
  "2258":"minecraft:music_disc_blocks",
  "2259":"minecraft:music_disc_chirp",
  "2260":"minecraft:music_disc_far",
  "2261":"minecraft:music_disc_mall",
  "2262":"minecraft:music_disc_mellohi",
  "2263":"minecraft:music_disc_stal",
  "2264":"minecraft:music_disc_strad",
  "2265":"minecraft:music_disc_ward",
  "2266":"minecraft:music_disc_11",
  "2267":"minecraft:music_disc_wait"
}