{
  "apple_golden": "golden_apple",
  "beef_cooked": "cooked_beef",
  "beef_raw": "beef",
  "book_enchanted": "enchanted_book",
  "book_normal": "book",
  "book_writable": "writable_book",
  "book_written": "written_book",
  "bow_standby": "bow",
  "bucket_empty": "bucket",
  "bucket_lava": "lava_bucket",
  "bucket_milk": "milk_bucket",
  "bucket_water": "water_bucket",
  "carrot_golden": "golden_carrot",
  "chicken_cooked": "cooked_chicken",
  "chicken_raw": "chicken",
  "door_acacia": "acacia_door",
  "door_birch": "birch_door",
  "door_dark_oak": "dark_oak_door",
  "door_iron": "iron_door",
  "door_jungle": "jungle_door",
  "door_spruce": "spruce_door",
  "door_wood": "oak_door",
  "dye_black": "ink_sac",
  "dye_blue": "lapis_lazuli",
  "dye_brown": "cocoa_beans",
  "dye_cyan": "cyan_dye",
  "dye_gray": "gray_dye",
  "dye_green": "cactus_green",
  "dye_light_blue": "light_blue_dye",
  "dye_lime": "lime_dye",
  "dye_magenta": "magenta_dye",
  "dye_orange": "orange_dye",
  "dye_pink": "pink_dye",
  "dye_purple": "purple_dye",
  "dye_red": "rose_red",
  "dye_silver": "light_gray_dye",
  "dye_white": "bone_meal",
  "dye_yellow": "dandelion_yellow",
  "dye_powder_black": "ink_sac",
  "dye_powder_blue": "lapis_lazuli",
  "dye_powder_brown": "cocoa_beans",
  "dye_powder_cyan": "cyan_dye",
  "dye_powder_gray": "gray_dye",
  "dye_powder_green": "cactus_green",
  "dye_powder_light_blue": "light_blue_dye",
  "dye_powder_lime": "lime_dye",
  "dye_powder_magenta": "magenta_dye",
  "dye_powder_orange": "orange_dye",
  "dye_powder_pink": "pink_dye",
  "dye_powder_purple": "purple_dye",
  "dye_powder_red": "rose_red",
  "dye_powder_silver": "light_gray_dye",
  "dye_powder_white": "bone_meal",
  "dye_powder_yellow": "dandelion_yellow",
  "fireball": "fire_charge",
  "fireworks": "firework_rocket",
  "firework_charge": "firework_star",
  "firework_charge_overlay": "firework_star_overlay",
  "fish_clownfish_raw": "clownfish",
  "fish_cod_cooked": "cooked_cod",
  "fish_cod_raw": "cod",
  "fish_pufferfish_raw": "pufferfish",
  "fish_salmon_cooked": "cooked_salmon",
  "fish_salmon_raw": "salmon",
  "fishing_rod_uncast": "fishing_rod",
  "gold_axe": "golden_axe",
  "gold_boots": "golden_boots",
  "gold_chestplate": "golden_chestplate",
  "gold_helmet": "golden_helmet",
  "gold_hoe": "golden_hoe",
  "gold_horse_armor": "golden_horse_armor",
  "gold_leggings": "golden_leggings",
  "gold_pickaxe": "golden_pickaxe",
  "gold_shovel": "golden_shovel",
  "gold_sword": "golden_sword",
  "houstonia": "azure_bluet",
  "map_empty": "map",
  "melon_speckled": "glistering_melon_slice",
  "speckled_melon": "glistering_melon_slice",
  "minecart_chest": "chest_minecart",
  "minecart_command_block": "command_block_minecart",
  "minecart_furnace": "furnace_minecart",
  "minecart_hopper": "hopper_minecart",
  "minecart_normal": "minecart",
  "minecart_tnt": "tnt_minecart",
  "mutton_cooked": "cooked_mutton",
  "mutton_raw": "mutton",
  "paeonia": "peony",
  "porkchop_cooked": "cooked_porkchop",
  "porkchop_raw": "porkchop",
  "potato_baked": "baked_potato",
  "potato_poisonous": "poisonous_potato",
  "potion_bottle_drinkable": "glass_bottle",
  "potion_bottle_empty": "potion",
  "potion_bottle_lingering": "lingering_potion",
  "potion_bottle_splash": "splash_potion",
  "rabbit_cooked": "cooked_rabbit",
  "rabbit_raw": "rabbit",
  "record_11": "music_disc_11",
  "record_13": "music_disc_13",
  "record_blocks": "music_disc_blocks",
  "record_cat": "music_disc_cat",
  "record_chirp": "music_disc_chirp",
  "record_far": "music_disc_far",
  "record_mall": "music_disc_mall",
  "record_mellohi": "music_disc_mellohi",
  "record_stal": "music_disc_stal",
  "record_strad": "music_disc_strad",
  "record_wait": "music_disc_wait",
  "record_ward": "music_disc_ward",
  "redstone_dust": "redstone",
  "seeds_melon": "melon_seeds",
  "seeds_pumpkin": "pumpkin_seeds",
  "seeds_wheat": "wheat_seeds",
  "slimeball": "slime_ball",
  "spider_eye_fermented": "fermented_spider_eye",
  "totem": "totem_of_undying",
  "wood_axe": "wooden_axe",
  "wood_hoe": "wooden_hoe",
  "wood_pickaxe": "wooden_pickaxe",
  "wood_shovel": "wooden_shovel",
  "wood_sword": "wooden_sword",
  "wooden_armorstand": "armor_stand",
  "wooden_pressure_plate": "oak_pressure_plate",
  "wood_pressure_plate": "oak_pressure_plate",
  "trip_wire": "tripwire"
}