{
  "ink_sac": "black_dye",
  "lapis_lazuli": "blue_dye",
  "cocoa_beans": "brown_dye",
  "dye_cyan": "cyan_dye",
  "dye_gray": "gray_dye",
  "cactus_green": "green_dye",
  "dye_light_blue": "light_blue_dye",
  "dye_lime": "lime_dye",
  "dye_magenta": "magenta_dye",
  "dye_orange": "orange_dye",
  "dye_pink": "pink_dye",
  "dye_purple": "purple_dye",
  "rose_red": "red_dye",
  "dye_silver": "light_gray_dye",
  "bone_meal": "white_dye",
  "dandelion_yellow": "yellow_dye",
  "dye_powder_black": "black_dye",
  "dye_powder_blue": "blue_dye",
  "dye_powder_brown": "brown_dye",
  "dye_powder_cyan": "cyan_dye",
  "dye_powder_gray": "gray_dye",
  "dye_powder_green": "green_dye",
  "dye_powder_light_blue": "light_blue_dye",
  "dye_powder_lime": "lime_dye",
  "dye_powder_magenta": "magenta_dye",
  "dye_powder_orange": "orange_dye",
  "dye_powder_pink": "pink_dye",
  "dye_powder_purple": "purple_dye",
  "dye_powder_red": "red_dye",
  "dye_powder_silver": "light_gray_dye",
  "dye_powder_white": "white_dye",
  "dye_powder_yellow": "yellow_dye"
}