{
  "type": "crafting_shaped",
  "group": "bed",
  "pattern": [
    "###",
    "XXX"
  ],
  "key": {
    "#": {
      "item": "minecraft:wool",
      "data": 3
    },
    "X": [
      {
        "item": "minecraft:planks",
        "data": 0
      },
      {
        "item": "minecraft:planks",
        "data": 1
      },
      {
        "item": "minecraft:planks",
        "data": 2
      },
      {
        "item": "minecraft:planks",
        "data": 3
      },
      {
        "item": "minecraft:planks",
        "data": 4
      },
      {
        "item": "minecraft:planks",
        "data": 5
      }
    ]
  },
  "result": {
    "item": "minecraft:bed",
    "data": 3
  }
}
